日期,AQI,质量等级,PM2.5,PM10,NO2,SO2,CO,O3,IAQI_PM25,IAQI_PM10,IAQI_O3,IAQI_NO2,IAQI_SO2,IAQI_CO,首要污染物
2025-01-01,153,中度污染,117.0,127.0,48.0,7.0,1.75,41.0,152.85714285714286,88.5,41.0,60.0,7.0,43.75,PM2.5
2025-01-02,132,轻度污染,101.0,116.0,44.0,6.0,1.55,43.0,132.5,83.0,43.0,55.0,6.0,38.75,PM2.5
2025-01-03,118,轻度污染,89.0,106.0,45.0,7.0,1.45,24.0,117.5,78.0,24.0,56.25,7.0,36.25,PM2.5
2025-01-04,189,中度污染,142.0,149.0,45.0,6.0,1.87,17.0,188.57142857142856,99.5,17.0,56.25,6.0,46.75,PM2.5
2025-01-05,217,重度污染,167.0,169.0,39.0,4.0,2.02,21.0,217.0,109.5,21.0,48.75,4.0,50.5,PM2.5
2025-01-06,249,重度污染,199.0,209.0,44.0,5.0,2.48,13.0,249.0,129.5,13.0,55.0,5.0,62.0,PM2.5
2025-01-07,242,重度污染,192.0,212.0,53.0,7.0,2.69,23.0,242.0,131.0,23.0,66.25,7.0,67.25,PM2.5
2025-01-08,139,轻度污染,106.0,129.0,45.0,8.0,1.73,33.0,138.75,89.5,33.0,56.25,8.0,43.25,PM2.5
2025-01-09,105,轻度污染,79.0,99.0,43.0,8.0,1.37,38.0,105.0,74.5,38.0,53.75,8.0,34.25,PM2.5
2025-01-10,98,良,73.0,94.0,43.0,8.0,1.23,33.0,97.5,72.0,33.0,53.75,8.0,30.75,PM2.5
2025-01-11,86,良,64.0,88.0,36.0,9.0,1.09,44.0,86.25,69.0,44.0,45.0,9.0,27.250000000000004,PM2.5
2025-01-12,84,良,62.0,82.0,39.0,8.0,1.07,45.0,83.75,66.0,45.0,48.75,8.0,26.75,PM2.5
2025-01-13,110,轻度污染,83.0,106.0,46.0,9.0,1.49,38.0,110.0,78.0,38.0,57.5,9.0,37.25,PM2.5
2025-01-14,108,轻度污染,81.0,113.0,41.0,7.0,1.39,43.0,107.5,81.5,43.0,51.25,7.0,34.75,PM2.5
2025-01-15,79,良,58.0,86.0,39.0,6.0,1.13,34.0,78.75,68.0,34.0,48.75,6.0,28.249999999999996,PM2.5
2025-01-16,79,良,58.0,80.0,35.0,7.0,1.1,42.0,78.75,65.0,42.0,43.75,7.0,27.500000000000004,PM2.5
2025-01-17,122,轻度污染,93.0,113.0,50.0,7.0,1.45,21.0,122.5,81.5,21.0,62.5,7.0,36.25,PM2.5
2025-01-18,148,轻度污染,113.0,130.0,48.0,9.0,1.77,38.0,147.5,90.0,38.0,60.0,9.0,44.25,PM2.5
2025-01-19,110,轻度污染,83.0,98.0,42.0,8.0,1.6,41.0,110.0,74.0,41.0,52.5,8.0,40.0,PM2.5
2025-01-20,120,轻度污染,91.0,102.0,39.0,8.0,1.7,45.0,120.0,76.0,45.0,48.75,8.0,42.5,PM2.5
2025-01-21,135,轻度污染,103.0,115.0,42.0,7.0,1.73,33.0,135.0,82.5,33.0,52.5,7.0,43.25,PM2.5
2025-01-22,201,重度污染,151.0,161.0,49.0,6.0,2.05,15.0,201.0,105.5,15.0,61.25,6.0,51.24999999999999,PM2.5
2025-01-23,257,重度污染,207.0,219.0,46.0,7.0,2.26,25.0,257.0,134.5,25.0,57.5,7.0,56.49999999999999,PM2.5
2025-01-24,134,轻度污染,102.0,106.0,18.0,5.0,1.34,73.0,133.75,78.0,73.0,22.5,5.0,33.5,PM2.5
2025-01-25,36,优,20.0,36.0,11.0,4.0,0.83,67.0,28.571428571428573,36.0,67.0,13.75,4.0,20.75,O3
2025-01-26,67,良,28.0,84.0,11.0,5.0,0.35,74.0,40.0,67.0,74.0,13.75,5.0,8.75,O3
2025-01-27,76,良,55.0,102.0,18.0,7.0,0.87,55.0,75.0,76.0,55.0,22.5,7.0,21.75,PM10
2025-01-28,119,轻度污染,90.0,119.0,20.0,9.0,1.09,59.0,118.75,84.5,59.0,25.0,9.0,27.250000000000004,PM2.5
2025-01-29,223,重度污染,173.0,202.0,22.0,11.0,1.54,40.0,223.0,126.0,40.0,27.5,11.0,38.5,PM2.5
2025-01-30,232,重度污染,182.0,197.0,30.0,12.0,2.22,22.0,232.0,123.5,22.0,37.5,12.0,55.50000000000001,PM2.5
2025-01-31,141,轻度污染,108.0,104.0,17.0,6.0,1.51,26.0,141.25,77.0,26.0,21.25,6.0,37.75,PM2.5
2025-02-01,79,良,58.0,60.0,16.0,5.0,1.34,35.0,78.75,55.0,35.0,20.0,5.0,33.5,PM2.5
2025-02-02,54,良,38.0,41.0,14.0,5.0,0.85,50.0,53.75,41.0,50.0,17.5,5.0,21.25,PM2.5
2025-02-03,43,优,30.0,41.0,13.0,5.0,0.57,58.0,42.857142857142854,41.0,58.0,16.25,5.0,14.249999999999998,O3
2025-02-04,74,良,54.0,63.0,24.0,6.0,1.02,29.0,73.75,56.5,29.0,30.0,6.0,25.5,PM2.5
2025-02-05,89,良,66.0,77.0,22.0,6.0,1.08,38.0,88.75,63.5,38.0,27.5,6.0,27.0,PM2.5
2025-02-06,62,良,45.0,58.0,21.0,7.0,0.88,48.0,62.5,54.0,48.0,26.25,7.0,22.0,PM2.5
2025-02-07,53,良,33.0,56.0,18.0,6.0,0.65,52.0,47.142857142857146,53.0,52.0,22.5,6.0,16.25,PM10
2025-02-08,75,良,29.0,100.0,10.0,5.0,0.4,66.0,41.42857142857143,75.0,66.0,12.5,5.0,10.0,PM10
2025-02-09,78,良,55.0,107.0,23.0,6.0,0.81,43.0,75.0,78.5,43.0,28.75,6.0,20.25,PM10
2025-02-10,84,良,62.0,90.0,27.0,7.0,1.02,41.0,83.75,70.0,41.0,33.75,7.0,25.5,PM2.5
2025-02-11,80,良,59.0,83.0,25.0,6.0,1.07,42.0,80.0,66.5,42.0,31.25,6.0,26.75,PM2.5
2025-02-12,61,良,26.0,72.0,11.0,5.0,0.45,81.0,37.142857142857146,61.0,81.0,13.75,5.0,11.25,O3
2025-02-13,62,良,44.0,74.0,25.0,7.0,0.78,46.0,61.25,62.0,46.0,31.25,7.0,19.5,PM10
2025-02-14,58,良,41.0,63.0,24.0,6.0,0.86,44.0,57.5,56.5,44.0,30.0,6.0,21.5,PM2.5
2025-02-15,55,良,39.0,57.0,28.0,7.0,1.03,41.0,55.0,53.5,41.0,35.0,7.0,25.75,PM2.5
2025-02-16,62,良,45.0,65.0,33.0,7.0,1.06,47.0,62.5,57.5,47.0,41.25,7.0,26.5,PM2.5
2025-02-17,66,良,48.0,63.0,33.0,7.0,1.04,42.0,66.25,56.5,42.0,41.25,7.0,26.0,PM2.5
2025-02-18,58,良,41.0,54.0,23.0,5.0,0.98,44.0,57.5,52.0,44.0,28.75,5.0,24.5,PM2.5
2025-02-19,61,良,44.0,53.0,23.0,6.0,1.0,50.0,61.25,51.5,50.0,28.75,6.0,25.0,PM2.5
2025-02-20,94,良,70.0,74.0,17.0,4.0,0.93,64.0,93.75,62.0,64.0,21.25,4.0,23.25,PM2.5
2025-02-21,125,轻度污染,95.0,101.0,24.0,5.0,1.06,47.0,125.0,75.5,47.0,30.0,5.0,26.5,PM2.5
2025-02-22,92,良,69.0,72.0,17.0,4.0,0.87,58.0,92.5,61.0,58.0,21.25,4.0,21.75,PM2.5
2025-02-23,51,良,36.0,39.0,15.0,5.0,0.75,71.0,51.25,39.0,71.0,18.75,5.0,18.75,O3
2025-02-24,69,良,50.0,55.0,23.0,5.0,0.91,42.0,68.75,52.5,42.0,28.75,5.0,22.75,PM2.5
2025-02-25,64,良,46.0,57.0,21.0,5.0,0.99,45.0,63.75,53.5,45.0,26.25,5.0,24.75,PM2.5
2025-02-26,49,优,34.0,46.0,24.0,6.0,0.96,49.0,48.57142857142857,46.0,49.0,30.0,6.0,24.0,无（优）
2025-02-27,54,良,38.0,49.0,24.0,6.0,1.0,49.0,53.75,49.0,49.0,30.0,6.0,25.0,PM2.5
2025-02-28,81,良,60.0,76.0,38.0,11.0,1.34,28.0,81.25,63.0,28.0,47.5,11.0,33.5,PM2.5
2025-03-01,111,轻度污染,84.0,102.0,42.0,9.0,1.64,14.0,111.25,76.0,14.0,52.5,9.0,41.0,PM2.5
2025-03-02,61,良,44.0,66.0,24.0,5.0,1.2,40.0,61.25,58.0,40.0,30.0,5.0,30.0,PM2.5
2025-03-03,34,优,18.0,19.0,13.0,5.0,0.92,59.0,25.714285714285715,19.0,59.0,16.25,5.0,23.0,O3
2025-03-04,41,优,10.0,10.0,11.0,5.0,0.88,68.0,14.285714285714286,10.0,68.0,13.75,5.0,22.0,O3
2025-03-05,30,优,16.0,19.0,17.0,5.0,0.91,51.0,22.857142857142858,19.0,51.0,21.25,5.0,22.75,O3
2025-03-06,34,优,24.0,34.0,19.0,6.0,0.92,51.0,34.285714285714285,34.0,51.0,23.75,6.0,23.0,O3
2025-03-07,46,优,32.0,42.0,23.0,7.0,0.96,51.0,45.714285714285715,42.0,51.0,28.75,7.0,24.0,O3
2025-03-08,54,良,37.0,59.0,30.0,6.0,0.94,29.0,52.5,54.5,29.0,37.5,6.0,23.5,PM10
2025-03-09,62,良,45.0,71.0,26.0,7.0,1.02,42.0,62.5,60.5,42.0,32.5,7.0,25.5,PM2.5
2025-03-10,49,优,34.0,49.0,27.0,7.0,0.95,43.0,48.57142857142857,49.0,43.0,33.75,7.0,23.75,无（优）
2025-03-11,58,良,37.0,67.0,30.0,7.0,1.07,45.0,52.5,58.5,45.0,37.5,7.0,26.75,PM10
2025-03-12,90,良,49.0,131.0,27.0,7.0,0.96,40.0,67.5,90.5,40.0,33.75,7.0,24.0,PM10
2025-03-13,51,良,31.0,52.0,14.0,5.0,0.8,57.0,44.285714285714285,51.0,57.0,17.5,5.0,20.0,O3
2025-03-14,38,优,23.0,32.0,16.0,5.0,0.75,59.0,32.857142857142854,32.0,59.0,20.0,5.0,18.75,O3
2025-03-15,58,良,25.0,66.0,13.0,5.0,0.6,63.0,35.714285714285715,58.0,63.0,16.25,5.0,15.0,O3
2025-03-16,51,良,22.0,52.0,16.0,5.0,0.53,62.0,31.428571428571427,51.0,62.0,20.0,5.0,13.25,O3
2025-03-17,54,良,31.0,58.0,28.0,8.0,0.82,47.0,44.285714285714285,54.0,47.0,35.0,8.0,20.5,PM10
2025-03-18,50,优,34.0,51.0,29.0,7.0,0.8,53.0,48.57142857142857,50.5,53.0,36.25,7.0,20.0,O3
2025-03-19,48,优,33.0,48.0,32.0,8.0,0.85,55.0,47.142857142857146,48.0,55.0,40.0,8.0,21.25,O3
2025-03-20,54,良,38.0,54.0,29.0,8.0,0.77,62.0,53.75,52.0,62.0,36.25,8.0,19.25,O3
2025-03-21,53,良,34.0,56.0,24.0,8.0,0.73,66.0,48.57142857142857,53.0,66.0,30.0,8.0,18.25,O3
2025-03-22,54,良,37.0,59.0,28.0,10.0,0.82,59.0,52.5,54.5,59.0,35.0,10.0,20.5,O3
2025-03-23,58,良,32.0,65.0,23.0,6.0,0.63,71.0,45.714285714285715,57.5,71.0,28.75,6.0,15.75,O3
2025-03-24,60,良,38.0,63.0,22.0,7.0,0.63,88.0,53.75,56.5,88.0,27.5,7.0,15.75,O3
2025-03-25,72,良,33.0,55.0,26.0,7.0,0.72,90.0,47.142857142857146,52.5,90.0,32.5,7.0,18.0,O3
2025-03-26,69,良,41.0,69.0,31.0,8.0,0.79,86.0,57.5,59.5,86.0,38.75,8.0,19.75,O3
2025-03-27,217,重度污染,91.0,362.0,10.0,5.0,0.49,83.0,120.0,217.14285714285714,83.0,12.5,5.0,12.25,PM10
2025-03-28,73,良,39.0,96.0,9.0,5.0,0.54,77.0,55.0,73.0,77.0,11.25,5.0,13.5,O3
2025-03-29,62,良,34.0,75.0,13.0,5.0,0.55,56.0,48.57142857142857,62.5,56.0,16.25,5.0,13.750000000000002,PM10
2025-03-30,57,良,28.0,64.0,16.0,6.0,0.6,62.0,40.0,57.0,62.0,20.0,6.0,15.0,O3
2025-03-31,35,优,20.0,35.0,16.0,7.0,0.66,54.0,28.571428571428573,35.0,54.0,20.0,7.0,16.5,O3
2025-04-01,58,良,32.0,67.0,28.0,10.0,0.82,46.0,45.714285714285715,58.5,46.0,35.0,10.0,20.5,PM10
2025-04-02,76,良,43.0,101.0,25.0,8.0,0.77,54.0,60.0,75.5,54.0,31.25,8.0,19.25,PM10
2025-04-03,74,良,42.0,97.0,23.0,7.0,0.74,70.0,58.75,73.5,70.0,28.75,7.0,18.5,PM10
2025-04-04,63,良,36.0,76.0,22.0,7.0,0.67,70.0,51.25,63.0,70.0,27.5,7.0,16.75,O3
2025-04-05,86,良,42.0,121.0,21.0,7.0,0.58,76.0,58.75,85.5,76.0,26.25,7.0,14.499999999999998,PM10
2025-04-06,62,良,32.0,65.0,12.0,8.0,0.6,96.0,45.714285714285715,57.5,96.0,15.0,8.0,15.0,O3
2025-04-07,63,良,30.0,61.0,16.0,7.0,0.58,93.0,42.857142857142854,55.5,93.0,20.0,7.0,14.499999999999998,O3
2025-04-08,62,良,30.0,74.0,18.0,8.0,0.59,90.0,42.857142857142854,62.0,90.0,22.5,8.0,14.75,O3
2025-04-09,68,良,35.0,87.0,22.0,9.0,0.61,81.0,50.0,68.5,81.0,27.5,9.0,15.25,O3
2025-04-10,67,良,36.0,80.0,16.0,6.0,0.56,92.0,51.25,65.0,92.0,20.0,6.0,14.000000000000002,O3
2025-04-11,74,良,37.0,99.0,23.0,9.0,0.81,63.0,52.5,74.5,63.0,28.75,9.0,20.25,PM10
2025-04-12,300,重度污染,324.0,1302.0,8.0,4.0,0.43,84.0,374.0,1202.0,84.0,10.0,4.0,10.75,PM10
2025-04-13,224,重度污染,147.0,367.0,16.0,5.0,0.6,65.0,195.71428571428572,224.28571428571428,65.0,20.0,5.0,15.0,PM10
2025-04-14,82,良,55.0,113.0,16.0,6.0,0.7,74.0,75.0,81.5,74.0,20.0,6.0,17.5,PM10
2025-04-15,60,良,33.0,70.0,27.0,8.0,0.83,58.0,47.142857142857146,60.0,58.0,33.75,8.0,20.75,PM10
2025-04-16,64,良,34.0,79.0,22.0,8.0,0.85,84.0,48.57142857142857,64.5,84.0,27.5,8.0,21.25,O3
2025-04-17,76,良,35.0,95.0,12.0,7.0,0.76,118.0,50.0,72.5,65.0,15.0,7.0,19.0,PM10
2025-04-18,93,良,52.0,136.0,18.0,6.0,0.65,106.0,71.25,93.0,55.0,22.5,6.0,16.25,PM10
2025-04-19,104,轻度污染,69.0,159.0,16.0,6.0,0.64,95.0,92.5,104.5,95.0,20.0,6.0,16.0,PM10
2025-04-20,66,良,36.0,64.0,13.0,4.0,0.7,96.0,51.25,57.0,96.0,16.25,4.0,17.5,O3
2025-04-21,56,良,32.0,62.0,10.0,4.0,0.65,74.0,45.714285714285715,56.0,74.0,12.5,4.0,16.25,O3
2025-04-22,74,良,36.0,97.0,16.0,5.0,0.63,44.0,51.25,73.5,44.0,20.0,5.0,15.75,PM10
2025-04-23,84,良,51.0,117.0,19.0,8.0,0.74,74.0,70.0,83.5,74.0,23.75,8.0,18.5,PM10
2025-04-24,59,良,35.0,68.0,21.0,9.0,0.75,81.0,50.0,59.0,81.0,26.25,9.0,18.75,O3
2025-04-25,57,良,26.0,57.0,20.0,7.0,0.67,75.0,37.142857142857146,53.5,75.0,25.0,7.0,16.75,O3
2025-04-26,45,优,24.0,45.0,17.0,6.0,0.75,55.0,34.285714285714285,45.0,55.0,21.25,6.0,18.75,O3
2025-04-27,41,优,21.0,38.0,15.0,5.0,0.65,57.0,30.0,38.0,57.0,18.75,5.0,16.25,O3
2025-04-28,48,优,21.0,47.0,17.0,6.0,0.63,73.0,30.0,47.0,73.0,21.25,6.0,15.75,O3
2025-04-29,52,良,23.0,54.0,24.0,9.0,0.78,60.0,32.857142857142854,52.0,60.0,30.0,9.0,19.5,O3
2025-04-30,58,良,19.0,41.0,11.0,6.0,0.61,94.0,27.142857142857142,41.0,94.0,13.75,6.0,15.25,O3
2025-05-01,63,良,23.0,70.0,11.0,7.0,0.61,102.0,32.857142857142854,60.0,51.666666666666664,13.75,7.0,15.25,PM10
2025-05-02,85,良,28.0,65.0,12.0,6.0,0.58,114.0,40.0,57.5,61.666666666666664,15.0,6.0,14.499999999999998,O3
2025-05-03,84,良,36.0,118.0,8.0,4.0,0.46,101.0,51.25,84.0,50.833333333333336,10.0,4.0,11.5,PM10
2025-05-04,64,良,32.0,66.0,7.0,5.0,0.59,105.0,45.714285714285715,58.0,54.166666666666664,8.75,5.0,14.75,PM10
2025-05-05,56,良,21.0,50.0,9.0,6.0,0.48,90.0,30.0,50.0,90.0,11.25,6.0,12.0,O3
2025-05-06,70,良,33.0,91.0,12.0,7.0,0.6,80.0,47.142857142857146,70.5,80.0,15.0,7.0,15.0,O3
2025-05-07,67,良,21.0,37.0,10.0,6.0,0.55,97.0,30.0,37.0,97.0,12.5,6.0,13.750000000000002,O3
2025-05-08,52,良,17.0,36.0,8.0,5.0,0.61,79.0,24.285714285714285,36.0,79.0,10.0,5.0,15.25,O3
2025-05-09,100,良,41.0,150.0,7.0,5.0,0.29,86.0,57.5,100.0,86.0,8.75,5.0,7.249999999999999,PM10
2025-05-10,57,良,25.0,50.0,13.0,8.0,0.4,85.0,35.714285714285715,50.0,85.0,16.25,8.0,10.0,O3
2025-05-11,67,良,28.0,60.0,13.0,6.0,0.42,94.0,40.0,55.0,94.0,16.25,6.0,10.5,O3
2025-05-12,81,良,33.0,60.0,15.0,7.0,0.55,107.0,47.142857142857146,55.0,55.833333333333336,18.75,7.0,13.750000000000002,O3
2025-05-13,62,良,23.0,40.0,11.0,5.0,0.55,92.0,32.857142857142854,40.0,92.0,13.75,5.0,13.750000000000002,O3
2025-05-14,52,良,24.0,55.0,14.0,5.0,0.53,60.0,34.285714285714285,52.5,60.0,17.5,5.0,13.25,O3
2025-05-15,60,良,31.0,71.0,15.0,5.0,0.48,74.0,44.285714285714285,60.5,74.0,18.75,5.0,12.0,O3
2025-05-16,70,良,38.0,76.0,17.0,7.0,0.75,93.0,53.75,63.0,93.0,21.25,7.0,18.75,O3
2025-05-17,75,良,46.0,87.0,15.0,9.0,0.86,96.0,63.75,68.5,96.0,18.75,9.0,21.5,O3
2025-05-18,74,良,37.0,69.0,13.0,8.0,0.84,98.0,52.5,59.5,98.0,16.25,8.0,21.0,O3
2025-05-19,82,良,54.0,92.0,17.0,6.0,0.79,106.0,73.75,71.0,55.0,21.25,6.0,19.75,PM2.5
2025-05-20,94,良,58.0,90.0,16.0,7.0,0.8,117.0,78.75,70.0,64.16666666666667,20.0,7.0,20.0,PM2.5
2025-05-21,89,良,64.0,93.0,18.0,7.0,0.84,107.0,86.25,71.5,55.833333333333336,22.5,7.0,21.0,PM2.5
2025-05-22,62,良,36.0,73.0,8.0,5.0,0.53,93.0,51.25,61.5,93.0,10.0,5.0,13.25,O3
2025-05-23,66,良,40.0,81.0,11.0,6.0,0.51,82.0,56.25,65.5,82.0,13.75,6.0,12.75,O3
2025-05-24,67,良,32.0,46.0,12.0,6.0,0.54,98.0,45.714285714285715,46.0,98.0,15.0,6.0,13.5,O3
2025-05-25,75,良,30.0,49.0,9.0,6.0,0.54,110.0,42.857142857142854,49.0,58.333333333333336,11.25,6.0,13.5,O3
2025-05-26,66,良,27.0,45.0,8.0,5.0,0.59,101.0,38.57142857142857,45.0,50.833333333333336,10.0,5.0,14.75,O3
2025-05-27,52,良,17.0,23.0,8.0,5.0,0.57,84.0,24.285714285714285,23.0,84.0,10.0,5.0,14.249999999999998,O3
2025-05-28,49,优,18.0,31.0,11.0,5.0,0.57,71.0,25.714285714285715,31.0,71.0,13.75,5.0,14.249999999999998,O3
2025-05-29,56,良,20.0,33.0,11.0,6.0,0.54,83.0,28.571428571428573,33.0,83.0,13.75,6.0,13.5,O3
2025-05-30,51,良,20.0,34.0,11.0,6.0,0.6,80.0,28.571428571428573,34.0,80.0,13.75,6.0,15.0,O3
2025-05-31,40,优,9.0,19.0,6.0,5.0,0.53,65.0,12.857142857142858,19.0,65.0,7.5,5.0,13.25,O3
2025-06-01,50,优,7.0,14.0,6.0,4.0,0.59,64.0,10.0,14.0,64.0,7.5,4.0,14.75,O3
2025-06-02,37,优,13.0,28.0,11.0,5.0,0.56,63.0,18.571428571428573,28.0,63.0,13.75,5.0,14.000000000000002,O3
2025-06-03,48,优,22.0,48.0,15.0,5.0,0.71,44.0,31.428571428571427,48.0,44.0,18.75,5.0,17.75,无（优）
2025-06-04,51,良,23.0,52.0,17.0,5.0,0.65,47.0,32.857142857142854,51.0,47.0,21.25,5.0,16.25,PM10
2025-06-05,46,优,17.0,34.0,12.0,5.0,0.52,72.0,24.285714285714285,34.0,72.0,15.0,5.0,13.0,O3
2025-06-06,48,优,22.0,43.0,15.0,7.0,0.73,60.0,31.428571428571427,43.0,60.0,18.75,7.0,18.25,O3
2025-06-07,36,优,15.0,27.0,11.0,4.0,0.59,55.0,21.428571428571427,27.0,55.0,13.75,4.0,14.75,O3
2025-06-08,47,优,14.0,29.0,10.0,5.0,0.55,70.0,20.0,29.0,70.0,12.5,5.0,13.750000000000002,O3
2025-06-09,64,良,15.0,27.0,10.0,5.0,0.51,84.0,21.428571428571427,27.0,84.0,12.5,5.0,12.75,O3
2025-06-10,52,良,15.0,33.0,14.0,6.0,0.56,73.0,21.428571428571427,33.0,73.0,17.5,6.0,14.000000000000002,O3
2025-06-11,72,良,15.0,32.0,11.0,5.0,0.45,101.0,21.428571428571427,32.0,50.833333333333336,13.75,5.0,11.25,O3
2025-06-12,80,良,21.0,37.0,14.0,6.0,0.49,104.0,30.0,37.0,53.333333333333336,17.5,6.0,12.25,O3
2025-06-13,86,良,26.0,43.0,13.0,6.0,0.5,110.0,37.142857142857146,43.0,58.333333333333336,16.25,6.0,12.5,O3
2025-06-14,66,良,17.0,33.0,9.0,6.0,0.47,92.0,24.285714285714285,33.0,92.0,11.25,6.0,11.75,O3
2025-06-15,86,良,35.0,86.0,10.0,6.0,0.41,120.0,50.0,68.0,66.66666666666667,12.5,6.0,10.25,PM10
2025-06-16,73,良,24.0,56.0,12.0,7.0,0.47,99.0,34.285714285714285,53.0,99.0,15.0,7.0,11.75,O3
2025-06-17,75,良,18.0,40.0,13.0,6.0,0.43,94.0,25.714285714285715,40.0,94.0,16.25,6.0,10.75,O3
2025-06-18,53,良,11.0,20.0,5.0,5.0,0.45,88.0,15.714285714285714,20.0,88.0,6.25,5.0,11.25,O3
2025-06-19,42,优,14.0,28.0,11.0,7.0,0.64,63.0,20.0,28.0,63.0,13.75,7.0,16.0,O3
2025-06-20,43,优,21.0,43.0,16.0,6.0,0.68,53.0,30.0,43.0,53.0,20.0,6.0,17.0,O3
2025-06-21,46,优,14.0,23.0,9.0,5.0,0.55,76.0,20.0,23.0,76.0,11.25,5.0,13.750000000000002,O3
2025-06-22,50,优,13.0,25.0,11.0,7.0,0.76,77.0,18.571428571428573,25.0,77.0,13.75,7.0,19.0,O3
2025-06-23,57,良,14.0,24.0,11.0,7.0,0.55,88.0,20.0,24.0,88.0,13.75,7.0,13.750000000000002,O3
2025-06-24,57,良,12.0,25.0,14.0,6.0,0.55,81.0,17.142857142857142,25.0,81.0,17.5,6.0,13.750000000000002,O3
2025-06-25,53,良,9.0,20.0,6.0,5.0,0.55,89.0,12.857142857142858,20.0,89.0,7.5,5.0,13.750000000000002,O3
2025-06-26,52,良,7.0,19.0,10.0,5.0,0.5,76.0,10.0,19.0,76.0,12.5,5.0,12.5,O3
2025-06-27,53,良,11.0,24.0,12.0,5.0,0.56,73.0,15.714285714285714,24.0,73.0,15.0,5.0,14.000000000000002,O3
2025-06-28,60,良,14.0,25.0,12.0,5.0,0.55,87.0,20.0,25.0,87.0,15.0,5.0,13.750000000000002,O3
2025-06-29,60,良,15.0,26.0,14.0,5.0,0.53,82.0,21.428571428571427,26.0,82.0,17.5,5.0,13.25,O3
2025-06-30,43,优,6.0,10.0,6.0,5.0,0.55,69.0,8.571428571428571,10.0,69.0,7.5,5.0,13.750000000000002,O3
2025-07-01,35,优,4.0,16.0,7.0,5.0,0.5,47.0,5.714285714285714,16.0,47.0,8.75,5.0,12.5,无（优）
2025-07-02,26,优,5.0,14.0,10.0,5.0,0.51,34.0,7.142857142857143,14.0,34.0,12.5,5.0,12.75,无（优）
2025-07-03,29,优,10.0,29.0,18.0,6.0,0.7,25.0,14.285714285714286,29.0,25.0,22.5,6.0,17.5,无（优）
2025-07-04,32,优,9.0,23.0,13.0,5.0,0.53,48.0,12.857142857142858,23.0,48.0,16.25,5.0,13.25,无（优）
2025-07-05,48,优,6.0,14.0,11.0,5.0,0.43,84.0,8.571428571428571,14.0,84.0,13.75,5.0,10.75,O3
2025-07-06,35,优,9.0,16.0,10.0,5.0,0.52,49.0,12.857142857142858,16.0,49.0,12.5,5.0,13.0,无（优）
2025-07-07,25,优,7.0,16.0,10.0,5.0,0.54,35.0,10.0,16.0,35.0,12.5,5.0,13.5,无（优）
2025-07-08,28,优,6.0,13.0,6.0,5.0,0.5,44.0,8.571428571428571,13.0,44.0,7.5,5.0,12.5,无（优）
2025-07-09,31,优,7.0,21.0,8.0,4.0,0.55,44.0,10.0,21.0,44.0,10.0,4.0,13.750000000000002,无（优）
2025-07-10,35,优,9.0,20.0,9.0,5.0,0.48,52.0,12.857142857142858,20.0,52.0,11.25,5.0,12.0,O3
2025-07-11,39,优,12.0,21.0,9.0,4.0,0.45,57.0,17.142857142857142,21.0,57.0,11.25,4.0,11.25,O3
2025-07-12,42,优,20.0,29.0,8.0,4.0,0.41,60.0,28.571428571428573,29.0,60.0,10.0,4.0,10.25,O3
2025-07-13,43,优,20.0,32.0,11.0,4.0,0.4,58.0,28.571428571428573,32.0,58.0,13.75,4.0,10.0,O3
2025-07-14,49,优,20.0,32.0,11.0,5.0,0.47,75.0,28.571428571428573,32.0,75.0,13.75,5.0,11.75,O3
2025-07-15,68,良,21.0,33.0,12.0,5.0,0.45,95.0,30.0,33.0,95.0,15.0,5.0,11.25,O3
2025-07-16,84,良,22.0,36.0,13.0,7.0,0.53,98.0,31.428571428571427,36.0,98.0,16.25,7.0,13.25,O3
2025-07-17,68,良,15.0,27.0,11.0,5.0,0.49,88.0,21.428571428571427,27.0,88.0,13.75,5.0,12.25,O3
2025-07-18,40,优,7.0,17.0,7.0,6.0,0.51,64.0,10.0,17.0,64.0,8.75,6.0,12.75,O3
2025-07-19,39,优,12.0,22.0,12.0,5.0,0.57,57.0,17.142857142857142,22.0,57.0,15.0,5.0,14.249999999999998,O3
2025-07-20,36,优,9.0,19.0,11.0,7.0,0.6,51.0,12.857142857142858,19.0,51.0,13.75,7.0,15.0,O3
2025-07-21,40,优,9.0,21.0,9.0,5.0,0.59,57.0,12.857142857142858,21.0,57.0,11.25,5.0,14.75,O3
2025-07-22,43,优,13.0,23.0,7.0,8.0,0.58,61.0,18.571428571428573,23.0,61.0,8.75,8.0,14.499999999999998,O3
2025-07-23,39,优,6.0,12.0,6.0,5.0,0.46,62.0,8.571428571428571,12.0,62.0,7.5,5.0,11.5,O3
2025-07-24,32,优,4.0,10.0,7.0,6.0,0.45,47.0,5.714285714285714,10.0,47.0,8.75,6.0,11.25,无（优）
2025-07-25,30,优,4.0,13.0,6.0,6.0,0.41,44.0,5.714285714285714,13.0,44.0,7.5,6.0,10.25,无（优）
2025-07-26,36,优,7.0,20.0,10.0,13.0,0.56,53.0,10.0,20.0,53.0,12.5,13.0,14.000000000000002,O3
2025-07-27,41,优,9.0,21.0,10.0,9.0,0.5,59.0,12.857142857142858,21.0,59.0,12.5,9.0,12.5,O3
2025-07-28,41,优,12.0,23.0,9.0,6.0,0.43,61.0,17.142857142857142,23.0,61.0,11.25,6.0,10.75,O3
2025-07-29,45,优,14.0,25.0,10.0,7.0,0.46,71.0,20.0,25.0,71.0,12.5,7.0,11.5,O3
2025-07-30,53,良,12.0,24.0,8.0,9.0,0.59,82.0,17.142857142857142,24.0,82.0,10.0,9.0,14.75,O3
2025-07-31,52,良,16.0,25.0,8.0,6.0,0.42,81.0,22.857142857142858,25.0,81.0,10.0,6.0,10.5,O3
2025-08-01,58,良,16.0,26.0,7.0,6.0,0.46,96.0,22.857142857142858,26.0,96.0,8.75,6.0,11.5,O3
2025-08-02,62,良,16.0,26.0,8.0,6.0,0.45,96.0,22.857142857142858,26.0,96.0,10.0,6.0,11.25,O3
2025-08-03,66,良,21.0,33.0,13.0,6.0,0.48,88.0,30.0,33.0,88.0,16.25,6.0,12.0,O3
2025-08-04,68,良,20.0,34.0,12.0,7.0,0.56,94.0,28.571428571428573,34.0,94.0,15.0,7.0,14.000000000000002,O3
2025-08-05,62,良,19.0,32.0,10.0,8.0,0.65,89.0,27.142857142857142,32.0,89.0,12.5,8.0,16.25,O3
2025-08-06,51,良,11.0,16.0,5.0,5.0,0.46,87.0,15.714285714285714,16.0,87.0,6.25,5.0,11.5,O3
2025-08-07,46,优,11.0,20.0,9.0,6.0,0.58,57.0,15.714285714285714,20.0,57.0,11.25,6.0,14.499999999999998,O3
2025-08-08,36,优,10.0,19.0,8.0,4.0,0.56,51.0,14.285714285714286,19.0,51.0,10.0,4.0,14.000000000000002,O3
2025-08-09,48,优,7.0,15.0,5.0,5.0,0.68,77.0,10.0,15.0,77.0,6.25,5.0,17.0,O3
2025-08-10,38,优,6.0,9.0,5.0,5.0,0.58,60.0,8.571428571428571,9.0,60.0,6.25,5.0,14.499999999999998,O3
2025-08-11,39,优,5.0,17.0,7.0,5.0,0.52,62.0,7.142857142857143,17.0,62.0,8.75,5.0,13.0,O3
2025-08-12,44,优,8.0,22.0,9.0,5.0,0.49,65.0,11.428571428571429,22.0,65.0,11.25,5.0,12.25,O3
2025-08-13,52,良,14.0,30.0,11.0,6.0,0.53,79.0,20.0,30.0,79.0,13.75,6.0,13.25,O3
2025-08-14,50,优,17.0,34.0,10.0,6.0,0.52,72.0,24.285714285714285,34.0,72.0,12.5,6.0,13.0,O3
2025-08-15,40,优,19.0,31.0,11.0,6.0,0.53,52.0,27.142857142857142,31.0,52.0,13.75,6.0,13.25,O3
2025-08-16,31,优,4.0,11.0,5.0,5.0,0.41,44.0,5.714285714285714,11.0,44.0,6.25,5.0,10.25,无（优）
2025-08-17,30,优,5.0,15.0,7.0,5.0,0.44,45.0,7.142857142857143,15.0,45.0,8.75,5.0,11.0,无（优）
2025-08-18,34,优,10.0,19.0,8.0,5.0,0.45,46.0,14.285714285714286,19.0,46.0,10.0,5.0,11.25,无（优）
2025-08-19,40,优,15.0,26.0,9.0,6.0,0.48,62.0,21.428571428571427,26.0,62.0,11.25,6.0,12.0,O3
2025-08-20,36,优,15.0,24.0,10.0,5.0,0.47,51.0,21.428571428571427,24.0,51.0,12.5,5.0,11.75,O3
2025-08-21,32,优,10.0,24.0,10.0,9.0,0.72,46.0,14.285714285714286,24.0,46.0,12.5,9.0,18.0,无（优）
2025-08-22,36,优,10.0,26.0,11.0,6.0,0.67,57.0,14.285714285714286,26.0,57.0,13.75,6.0,16.75,O3
2025-08-23,40,优,8.0,15.0,9.0,6.0,0.67,48.0,11.428571428571429,15.0,48.0,11.25,6.0,16.75,无（优）
2025-08-24,32,优,7.0,19.0,11.0,6.0,0.63,42.0,10.0,19.0,42.0,13.75,6.0,15.75,无（优）
2025-08-25,26,优,5.0,11.0,7.0,5.0,0.48,35.0,7.142857142857143,11.0,35.0,8.75,5.0,12.0,无（优）
2025-08-26,28,优,11.0,27.0,10.0,5.0,0.48,37.0,15.714285714285714,27.0,37.0,12.5,5.0,12.0,无（优）
2025-08-27,34,优,12.0,27.0,10.0,5.0,0.5,49.0,17.142857142857142,27.0,49.0,12.5,5.0,12.5,无（优）
2025-08-28,41,优,3.0,8.0,7.0,7.0,0.57,77.0,4.285714285714286,8.0,77.0,8.75,7.0,14.249999999999998,O3
2025-08-29,36,优,3.0,9.0,7.0,5.0,0.55,62.0,4.285714285714286,9.0,62.0,8.75,5.0,13.750000000000002,O3
2025-08-30,24,优,5.0,11.0,10.0,4.0,0.72,37.0,7.142857142857143,11.0,37.0,12.5,4.0,18.0,无（优）
2025-08-31,34,优,7.0,18.0,10.0,5.0,0.59,54.0,10.0,18.0,54.0,12.5,5.0,14.75,O3
2025-09-01,39,优,11.0,26.0,10.0,5.0,0.6,49.0,15.714285714285714,26.0,49.0,12.5,5.0,15.0,无（优）
2025-09-02,30,优,10.0,18.0,9.0,6.0,0.57,40.0,14.285714285714286,18.0,40.0,11.25,6.0,14.249999999999998,无（优）
2025-09-03,26,优,11.0,25.0,12.0,7.0,0.76,39.0,15.714285714285714,25.0,39.0,15.0,7.0,19.0,无（优）
2025-09-04,19,优,6.0,13.0,9.0,5.0,0.68,25.0,8.571428571428571,13.0,25.0,11.25,5.0,17.0,无（优）
2025-09-05,28,优,4.0,9.0,7.0,5.0,0.56,46.0,5.714285714285714,9.0,46.0,8.75,5.0,14.000000000000002,无（优）
2025-09-06,29,优,12.0,29.0,8.0,6.0,0.5,44.0,17.142857142857142,29.0,44.0,10.0,6.0,12.5,无（优）
2025-09-07,28,优,15.0,27.0,13.0,6.0,0.63,45.0,21.428571428571427,27.0,45.0,16.25,6.0,15.75,无（优）
2025-09-08,36,优,9.0,19.0,9.0,5.0,0.61,57.0,12.857142857142858,19.0,57.0,11.25,5.0,15.25,O3
2025-09-09,36,优,6.0,18.0,7.0,5.0,0.45,48.0,8.571428571428571,18.0,48.0,8.75,5.0,11.25,无（优）
2025-09-10,20,优,8.0,20.0,9.0,5.0,0.51,26.0,11.428571428571429,20.0,26.0,11.25,5.0,12.75,无（优）
2025-09-11,20,优,5.0,9.0,7.0,5.0,0.57,34.0,7.142857142857143,9.0,34.0,8.75,5.0,14.249999999999998,无（优）
2025-09-12,28,优,4.0,10.0,8.0,6.0,0.57,42.0,5.714285714285714,10.0,42.0,10.0,6.0,14.249999999999998,无（优）
2025-09-13,32,优,5.0,17.0,9.0,6.0,0.55,42.0,7.142857142857143,17.0,42.0,11.25,6.0,13.750000000000002,无（优）
2025-09-14,31,优,9.0,23.0,7.0,6.0,0.55,40.0,12.857142857142858,23.0,40.0,8.75,6.0,13.750000000000002,无（优）
2025-09-15,35,优,16.0,33.0,11.0,6.0,0.58,44.0,22.857142857142858,33.0,44.0,13.75,6.0,14.499999999999998,无（优）
2025-09-16,42,优,11.0,20.0,9.0,6.0,0.54,63.0,15.714285714285714,20.0,63.0,11.25,6.0,13.5,O3
2025-09-17,26,优,8.0,17.0,11.0,6.0,0.55,34.0,11.428571428571429,17.0,34.0,13.75,6.0,13.750000000000002,无（优）
2025-09-18,35,优,2.0,4.0,6.0,6.0,0.52,63.0,2.857142857142857,4.0,63.0,7.5,6.0,13.0,O3
2025-09-19,32,优,4.0,10.0,6.0,5.0,0.51,53.0,5.714285714285714,10.0,53.0,7.5,5.0,12.75,O3
2025-09-20,25,优,4.0,9.0,5.0,5.0,0.51,40.0,5.714285714285714,9.0,40.0,6.25,5.0,12.75,无（优）
2025-09-21,44,优,6.0,10.0,5.0,4.0,0.45,80.0,8.571428571428571,10.0,80.0,6.25,4.0,11.25,O3
2025-09-22,32,优,5.0,10.0,7.0,4.0,0.52,54.0,7.142857142857143,10.0,54.0,8.75,4.0,13.0,O3
2025-09-23,38,优,3.0,7.0,7.0,5.0,0.57,60.0,4.285714285714286,7.0,60.0,8.75,5.0,14.249999999999998,O3
2025-09-24,30,优,5.0,14.0,7.0,4.0,0.59,40.0,7.142857142857143,14.0,40.0,8.75,4.0,14.75,无（优）
2025-09-25,30,优,10.0,25.0,9.0,3.0,0.52,42.0,14.285714285714286,25.0,42.0,11.25,3.0,13.0,无（优）
2025-09-26,40,优,13.0,25.0,8.0,3.0,0.51,65.0,18.571428571428573,25.0,65.0,10.0,3.0,12.75,O3
2025-09-27,33,优,11.0,17.0,10.0,3.0,0.56,51.0,15.714285714285714,17.0,51.0,12.5,3.0,14.000000000000002,O3
2025-09-28,21,优,8.0,11.0,13.0,3.0,0.78,34.0,11.428571428571429,11.0,34.0,16.25,3.0,19.5,无（优）
2025-09-29,30,优,6.0,15.0,11.0,3.0,0.58,44.0,8.571428571428571,15.0,44.0,13.75,3.0,14.499999999999998,无（优）
2025-09-30,24,优,7.0,15.0,8.0,3.0,0.5,36.0,10.0,15.0,36.0,10.0,3.0,12.5,无（优）
2025-10-01,29,优,5.0,8.0,6.0,3.0,0.46,50.0,7.142857142857143,8.0,50.0,7.5,3.0,11.5,无（优）
2025-10-02,28,优,5.0,8.0,7.0,3.0,0.52,45.0,7.142857142857143,8.0,45.0,8.75,3.0,13.0,无（优）
2025-10-03,26,优,2.0,7.0,6.0,3.0,0.5,44.0,2.857142857142857,7.0,44.0,7.5,3.0,12.5,无（优）
2025-10-04,32,优,3.0,7.0,6.0,3.0,0.55,55.0,4.285714285714286,7.0,55.0,7.5,3.0,13.750000000000002,O3
2025-10-05,28,优,3.0,7.0,6.0,3.0,0.58,48.0,4.285714285714286,7.0,48.0,7.5,3.0,14.499999999999998,无（优）
2025-10-06,24,优,4.0,7.0,9.0,3.0,0.68,44.0,5.714285714285714,7.0,44.0,11.25,3.0,17.0,无（优）
2025-10-07,23,优,7.0,14.0,11.0,3.0,0.93,29.0,10.0,14.0,29.0,13.75,3.0,23.25,无（优）
2025-10-08,24,优,11.0,20.0,13.0,3.0,0.98,15.0,15.714285714285714,20.0,15.0,16.25,3.0,24.5,无（优）
2025-10-09,29,优,15.0,29.0,14.0,5.0,0.9,14.0,21.428571428571427,29.0,14.0,17.5,5.0,22.5,无（优）
2025-10-10,26,优,7.0,20.0,11.0,9.0,1.06,21.0,10.0,20.0,21.0,13.75,9.0,26.5,无（优）
2025-10-11,18,优,3.0,6.0,10.0,4.0,0.72,30.0,4.285714285714286,6.0,30.0,12.5,4.0,18.0,无（优）
2025-10-12,21,优,4.0,7.0,11.0,5.0,0.84,26.0,5.714285714285714,7.0,26.0,13.75,5.0,21.0,无（优）
2025-10-13,23,优,7.0,14.0,13.0,5.0,0.77,28.0,10.0,14.0,28.0,16.25,5.0,19.25,无（优）
2025-10-14,18,优,7.0,15.0,9.0,4.0,0.71,21.0,10.0,15.0,21.0,11.25,4.0,17.75,无（优）
2025-10-15,26,优,8.0,14.0,10.0,4.0,0.79,34.0,11.428571428571429,14.0,34.0,12.5,4.0,19.75,无（优）
2025-10-16,22,优,6.0,10.0,7.0,4.0,0.77,41.0,8.571428571428571,10.0,41.0,8.75,4.0,19.25,无（优）
2025-10-17,30,优,5.0,8.0,7.0,4.0,0.65,51.0,7.142857142857143,8.0,51.0,8.75,4.0,16.25,O3
2025-10-18,22,优,5.0,12.0,10.0,4.0,0.72,31.0,7.142857142857143,12.0,31.0,12.5,4.0,18.0,无（优）
2025-10-19,28,优,4.0,8.0,6.0,5.0,0.71,51.0,5.714285714285714,8.0,51.0,7.5,5.0,17.75,O3
2025-10-20,32,优,3.0,6.0,5.0,5.0,0.65,60.0,4.285714285714286,6.0,60.0,6.25,5.0,16.25,O3
2025-10-21,29,优,3.0,6.0,6.0,5.0,0.63,54.0,4.285714285714286,6.0,54.0,7.5,5.0,15.75,O3
2025-10-22,30,优,7.0,10.0,6.0,4.0,0.5,48.0,10.0,10.0,48.0,7.5,4.0,12.5,无（优）
2025-10-23,26,优,18.0,23.0,9.0,5.0,0.56,41.0,25.714285714285715,23.0,41.0,11.25,5.0,14.000000000000002,无（优）
2025-10-24,33,优,23.0,31.0,9.0,5.0,0.51,61.0,32.857142857142854,31.0,61.0,11.25,5.0,12.75,O3
2025-10-25,39,优,26.0,36.0,15.0,5.0,0.51,57.0,37.142857142857146,36.0,57.0,18.75,5.0,12.75,O3
2025-10-26,42,优,25.0,42.0,22.0,9.0,0.65,30.0,35.714285714285715,42.0,30.0,27.5,9.0,16.25,无（优）
2025-10-27,40,优,25.0,40.0,16.0,5.0,0.58,20.0,35.714285714285715,40.0,20.0,20.0,5.0,14.499999999999998,无（优）
2025-10-28,59,良,40.0,68.0,25.0,8.0,0.83,32.0,56.25,59.0,32.0,31.25,8.0,20.75,PM10
2025-10-29,58,良,37.0,66.0,23.0,5.0,0.84,9.0,52.5,58.0,9.0,28.75,5.0,21.0,PM10
2025-10-30,47,优,28.0,47.0,17.0,7.0,0.74,26.0,40.0,47.0,26.0,21.25,7.0,18.5,无（优）
2025-10-31,52,良,34.0,53.0,23.0,6.0,0.8,12.0,48.57142857142857,51.5,12.0,28.75,6.0,20.0,PM10
2025-11-01,54,良,38.0,59.0,20.0,4.0,0.82,16.0,53.75,54.5,16.0,25.0,4.0,20.5,PM10
2025-11-02,49,优,31.0,49.0,17.0,4.0,0.69,19.0,44.285714285714285,49.0,19.0,21.25,4.0,17.25,无（优）
2025-11-03,45,优,27.0,45.0,18.0,4.0,0.58,21.0,38.57142857142857,45.0,21.0,22.5,4.0,14.499999999999998,无（优）
2025-11-04,52,良,35.0,53.0,21.0,4.0,0.68,22.0,50.0,51.5,22.0,26.25,4.0,17.0,PM10
2025-11-05,44,优,27.0,44.0,15.0,4.0,0.59,26.0,38.57142857142857,44.0,26.0,18.75,4.0,14.75,无（优）
2025-11-06,50,优,35.0,46.0,11.0,4.0,0.5,73.0,50.0,46.0,73.0,13.75,4.0,12.5,O3
2025-11-07,38,优,9.0,17.0,18.0,4.0,0.65,41.0,12.857142857142858,17.0,41.0,22.5,4.0,16.25,无（优）
2025-11-08,41,优,22.0,41.0,22.0,8.0,0.77,24.0,31.428571428571427,41.0,24.0,27.5,8.0,19.25,无（优）
2025-11-09,42,优,23.0,42.0,19.0,5.0,0.58,23.0,32.857142857142854,42.0,23.0,23.75,5.0,14.499999999999998,无（优）
2025-11-10,50,优,22.0,50.0,18.0,5.0,0.58,24.0,31.428571428571427,50.0,24.0,22.5,5.0,14.499999999999998,无（优）
2025-11-11,56,良,29.0,61.0,20.0,4.0,0.48,36.0,41.42857142857143,55.5,36.0,25.0,4.0,12.0,PM10
2025-11-12,62,良,45.0,67.0,28.0,8.0,0.61,27.0,62.5,58.5,27.0,35.0,8.0,15.25,PM2.5
2025-11-13,57,良,37.0,64.0,28.0,5.0,0.6,32.0,52.5,57.0,32.0,35.0,5.0,15.0,PM10
2025-11-14,64,良,46.0,75.0,34.0,7.0,0.8,13.0,63.75,62.5,13.0,42.5,7.0,20.0,PM2.5
2025-11-15,59,良,42.0,60.0,24.0,5.0,0.77,26.0,58.75,55.0,26.0,30.0,5.0,19.25,PM2.5
2025-11-16,52,良,34.0,54.0,24.0,4.0,0.68,16.0,48.57142857142857,52.0,16.0,30.0,4.0,17.0,PM10
2025-11-17,28,优,7.0,15.0,10.0,3.0,0.32,51.0,10.0,15.0,51.0,12.5,3.0,8.0,O3
2025-11-18,32,优,17.0,28.0,12.0,6.0,0.35,53.0,24.285714285714285,28.0,53.0,15.0,6.0,8.75,O3
2025-11-19,43,优,30.0,40.0,24.0,6.0,0.57,28.0,42.857142857142854,40.0,28.0,30.0,6.0,14.249999999999998,无（优）
2025-11-20,66,良,48.0,64.0,29.0,8.0,0.83,29.0,66.25,57.0,29.0,36.25,8.0,20.75,PM2.5
2025-11-21,69,良,50.0,68.0,32.0,8.0,0.89,29.0,68.75,59.0,29.0,40.0,8.0,22.25,PM2.5
2025-11-22,80,良,59.0,79.0,33.0,12.0,1.15,26.0,80.0,64.5,26.0,41.25,12.0,28.749999999999996,PM2.5
2025-11-23,55,良,39.0,58.0,29.0,8.0,0.97,31.0,55.0,54.0,31.0,36.25,8.0,24.25,PM2.5
2025-11-24,56,良,28.0,63.0,21.0,6.0,0.64,43.0,40.0,56.5,43.0,26.25,6.0,16.0,PM10
2025-11-25,59,良,42.0,66.0,27.0,7.0,0.74,33.0,58.75,58.0,33.0,33.75,7.0,18.5,PM2.5
2025-11-26,74,良,54.0,82.0,29.0,7.0,0.93,36.0,73.75,66.0,36.0,36.25,7.0,23.25,PM2.5
2025-11-27,94,良,55.0,139.0,32.0,7.0,0.91,31.0,75.0,94.5,31.0,40.0,7.0,22.75,PM10
2025-11-28,91,良,68.0,122.0,32.0,7.0,1.0,33.0,91.25,86.0,33.0,40.0,7.0,25.0,PM2.5
2025-11-29,96,良,72.0,103.0,31.0,6.0,1.04,38.0,96.25,76.5,38.0,38.75,6.0,26.0,PM2.5
2025-11-30,102,轻度污染,77.0,98.0,34.0,8.0,1.2,34.0,102.5,74.0,34.0,42.5,8.0,30.0,PM2.5
2025-12-01,94,良,70.0,90.0,34.0,9.0,1.15,28.0,93.75,70.0,28.0,42.5,9.0,28.749999999999996,PM2.5
2025-12-02,124,轻度污染,94.0,114.0,36.0,7.0,1.34,10.0,123.75,82.0,10.0,45.0,7.0,33.5,PM2.5
2025-12-03,118,轻度污染,89.0,108.0,35.0,6.0,1.33,10.0,117.5,79.0,10.0,43.75,6.0,33.25,PM2.5
2025-12-04,102,轻度污染,77.0,101.0,34.0,6.0,1.15,30.0,102.5,75.5,30.0,42.5,6.0,28.749999999999996,PM2.5
2025-12-05,82,良,61.0,82.0,35.0,6.0,0.93,32.0,82.5,66.0,32.0,43.75,6.0,23.25,PM2.5
2025-12-06,98,良,73.0,96.0,36.0,6.0,1.18,25.0,97.5,73.0,25.0,45.0,6.0,29.5,PM2.5
2025-12-07,118,轻度污染,89.0,110.0,39.0,6.0,1.43,30.0,117.5,80.0,30.0,48.75,6.0,35.75,PM2.5
2025-12-08,109,轻度污染,82.0,99.0,42.0,6.0,1.28,17.0,108.75,74.5,17.0,52.5,6.0,32.0,PM2.5
2025-12-09,129,轻度污染,98.0,123.0,43.0,9.0,1.5,24.0,128.75,86.5,24.0,53.75,9.0,37.5,PM2.5
2025-12-10,99,良,74.0,98.0,38.0,6.0,1.18,29.0,98.75,74.0,29.0,47.5,6.0,29.5,PM2.5
2025-12-11,101,轻度污染,76.0,93.0,38.0,9.0,1.18,19.0,101.25,71.5,19.0,47.5,9.0,29.5,PM2.5
2025-12-12,95,良,71.0,90.0,24.0,5.0,0.86,55.0,95.0,70.0,55.0,30.0,5.0,21.5,PM2.5
2025-12-13,69,良,25.0,88.0,17.0,5.0,0.37,58.0,35.714285714285715,69.0,58.0,21.25,5.0,9.25,PM10
2025-12-14,66,良,39.0,83.0,27.0,5.0,0.61,31.0,55.0,66.5,31.0,33.75,5.0,15.25,PM10
2025-12-15,78,良,57.0,94.0,36.0,6.0,1.13,29.0,77.5,72.0,29.0,45.0,6.0,28.249999999999996,PM2.5
2025-12-16,76,良,56.0,78.0,33.0,5.0,1.11,25.0,76.25,64.0,25.0,41.25,5.0,27.750000000000004,PM2.5
2025-12-17,79,良,58.0,80.0,34.0,5.0,1.08,26.0,78.75,65.0,26.0,42.5,5.0,27.0,PM2.5
2025-12-18,96,良,72.0,91.0,34.0,5.0,1.17,26.0,96.25,70.5,26.0,42.5,5.0,29.25,PM2.5
2025-12-19,99,良,74.0,94.0,32.0,4.0,1.15,19.0,98.75,72.0,19.0,40.0,4.0,28.749999999999996,PM2.5
2025-12-20,84,良,62.0,88.0,29.0,4.0,1.02,26.0,83.75,69.0,26.0,36.25,4.0,25.5,PM2.5
2025-12-21,38,优,22.0,38.0,16.0,4.0,0.46,46.0,31.428571428571427,38.0,46.0,20.0,4.0,11.5,无（优）
2025-12-22,41,优,29.0,38.0,18.0,4.0,0.59,26.0,41.42857142857143,38.0,26.0,22.5,4.0,14.75,无（优）
2025-12-23,47,优,33.0,47.0,24.0,4.0,0.82,14.0,47.142857142857146,47.0,14.0,30.0,4.0,20.5,无（优）
2025-12-24,64,良,44.0,78.0,31.0,7.0,0.94,22.0,61.25,64.0,22.0,38.75,7.0,23.5,PM10
2025-12-25,64,良,46.0,75.0,28.0,5.0,0.85,27.0,63.75,62.5,27.0,35.0,5.0,21.25,PM2.5
2025-12-26,71,良,52.0,81.0,34.0,6.0,0.88,29.0,71.25,65.5,29.0,42.5,6.0,22.0,PM2.5
2025-12-27,84,良,62.0,83.0,32.0,6.0,1.09,25.0,83.75,66.5,25.0,40.0,6.0,27.250000000000004,PM2.5
2025-12-28,121,轻度污染,92.0,111.0,36.0,7.0,1.5,15.0,121.25,80.5,15.0,45.0,7.0,37.5,PM2.5
2025-12-29,131,轻度污染,100.0,115.0,33.0,6.0,1.62,22.0,131.25,82.5,22.0,41.25,6.0,40.5,PM2.5
2025-12-30,150,轻度污染,115.0,131.0,41.0,5.0,1.51,5.0,150.0,90.5,5.0,51.25,5.0,37.75,PM2.5
2025-12-31,62,良,45.0,51.0,17.0,4.0,0.75,64.0,62.5,50.5,64.0,21.25,4.0,18.75,O3
